T1,e144,RSC Anderlecht,Anderlecht,B1,anderlecht
T2,e139,Club Brugge,Club Brugge,B1,club-brugge
T3,e148,Cercle Brugge,Cercle Brugge,B1,cercle-brugge
T4,e154,KV Oostende,KV Oostende,B1,kv-oostende
T5,e149,SV Zulte Waregem,Zulte Waregem,B1,zulte-waregem
T6,e150,KV Kortrijk,Kortrijk,B1,kortrijk
T7,e146,KAA Gent,Gent,B1,gent
T8,e151,Waasland-Beveren,Waasland-Beveren,B1,waasland-beveren
T9,e143,R. Charleroi SC,Charleroi,B1,charleroi
T10,e140,Royal Antwerp FC,Royal Antwerp,B1,royal-antwerp
T11,e145,Standard Liège,Standard Liège,B1,standard-liege
T12,e152,KV Mechelen,KV Mechelen,B1,kv-mechelen
T13,e141,KRC Genk,Genk,B1,genk
T14,e153,R. Mouscron-Péruwelz,Royal Mouscron,B1,royal-mouscron
T15,e142,Sint-Truidense VV,St.Truidense,B1,st-truidense
T16,e147,KAS Eupen,Eupen,B1,eupen
T17,e041,Bayern München,Bayern M,D1,bayern-m
T18,e042,Borussia Dortmund,Dortmund,D1,dortmund
T19,e043,RB Leipzig,RB Leipzig,D1,rb-leipzig
T20,e044,Borussia M'gladbach,M'gladbach,D1,m-gladbach
T21,e045,Bayer 04 Leverkusen,Leverkusen,D1,leverkusen
T22,e046,FC Schalke 04,Schalke 04,D1,schalke-04
T23,e047,Wolfsburg,Wolfsburg,D1,wolfsburg
T24,e048,Freiburg,Freiburg,D1,freiburg
T25,e049,1899 Hoffenheim,Hoffenheim,D1,hoffenheim
T26,e050,1. FC Köln,Köln,D1,koln
T27,e051,1. FC Union Berlin,Union Berlin,D1,union-berlin
T28,e052,Eintracht Frankfurt,E. Frankfurt,D1,e-frankfurt
T29,e053,Hertha BSC,Hertha,D1,hertha
T30,e054,FC Augsburg,Augsburg,D1,augsburg
T31,e055,1. FSV Mainz 05,Mainz 05,D1,mainz-05
T32,e056,Fortuna Düsseldorf,Fortuna,D1,fortuna
T33,e057,Werder Bremen,Bremen,D1,bremen
T34,e058,SC Paderborn 07,Paderborn,D1,paderborn
T35,e226,Arminia Bielefeld,Bielefeld,D2,bielefeld
T36,e241,VfB Stuttgart,Stuttgart,D2,stuttgart
T37,e240,Hamburger SV,HSV,D2,hsv
T38,e242,1. FC Heidenheim,Heidenheim,D2,heidenheim
T39,e234,SpVgg Greuther Fürth,Fürth,D2,furth
T40,e239,Darmstadt 98,Darmstadt,D2,darmstadt
T41,e238,Holstein Kiel,Kiel,D2,kiel
T42,e236,Erzgebirge Aue,Aue,D2,aue
T43,e232,Hannover 96,Hannover,D2,hannover
T44,e237,SSV Jahn Regensburg,Regensburg,D2,regensburg
T45,e227,FC St. Pauli,St. Pauli,D2,st-pauli
T46,e228,VfL Osnabrück,Osnabrück,D2,osnabrück
T47,e243,SV Sandhausen,Sandhausen,D2,sandhausen
T48,e231,1. FC Nürnberg,Nürnberg,D2,nurnberg
T49,e233,VfL Bochum,Bochum,D2,bochum
T50,e229,Wehen Wiesbaden,Wehen,D2,wehen
T51,e235,Karlsruher SC,Karlsruher,D2,karlsruher
T52,e230,Dynamo Dresden,Dresden,D2,dresden
T53,e001,Liverpool,Liverpool,E0,liverpool
T54,e002,Manchester City,Man City,E0,man-city
T55,e003,Leicester City,Leicester,E0,leicester
T56,e004,Chelsea,Chelsea,E0,chelsea
T57,e005,Manchester United,Man United,E0,man-united
T58,e006,Wolverhampton,Wolverhampton,E0,wolverhampton
T59,e007,Sheffield United,Sheffield Utd,E0,sheffield-utd
T60,e008,Tottenham,Tottenham,E0,tottenham
T61,e009,Arsenal,Arsenal,E0,arsenal
T62,e010,Burnley,Burnley,E0,burnley
T63,e011,Crystal Palace,Crystal Palace,E0,crystal-palace
T64,e012,Everton,Everton,E0,everton
T65,e013,Newcastle United,Newcastle,E0,newcastle
T66,e014,Southampton,Southampton,E0,southampton
T67,e015,Brighton & Hove Albion,Brighton,E0,brighton
T68,e016,West Ham United,West Ham,E0,west-ham
T69,e017,Watford,Watford,E0,watford
T70,e018,Bournemouth,Bournemouth,E0,bournemouth
T71,e020,Aston Villa,Aston Villa,E0,aston-villa
T72,e019,Norwich City,Norwich,E0,norwich
T73,e156,Leeds United,Leeds,E1,leeds
T74,e155,West Bromwich Albion,West Brom,E1,west-brom
T75,e157,Fulham,Fulham,E1,fulham
T76,e158,Brentford,Brentford,E1,brentford
T77,e160,Nottingham Forest,Forest,E1,forest
T78,e161,Preston North End,Preston,E1,preston
T79,e159,Bristol City,Bristol City,E1,bristol-city
T80,e163,Millwall,Millwall,E1,millwall
T81,e162,Cardiff City,Cardiff,E1,cardiff
T82,e165,Blackburn Rovers,Blackburn,E1,blackburn
T83,e166,Swansea City,Swansea,E1,swansea
T84,e164,Derby County,Derby,E1,derby
T85,e169,Queens Park Rangers,QPR,E1,qpr
T86,e173,Reading,Reading,E1,reading
T87,e171,Sheffield Wednesday,Sheffield Wed,E1,sheffield-wed
T88,e170,Birmingham City,Birmingham,E1,birmingham
T89,e174,Stoke City,Stoke,E1,stoke
T90,e177,Huddersfield Town,Huddersfield,E1,huddersfield
T91,e167,Middlesbrough,Middlesbrough,E1,middlesbrough
T92,e176,Wigan Athletic,Wigan,E1,wigan
T93,e168,Hull City,Hull,E1,hull
T94,e175,Charlton Athletic,Charlton,E1,charlton
T95,e178,Luton Town,Luton,E1,luton
T96,e172,Barnsley,Barnsley,E1,barnsley
T97,e199,Coventry City,Coventry,E2,coventry
T98,e180,Rotherham United,Rotherham,E2,rotherham
T99,e179,Oxford United,Oxford Utd,E2,oxford-utd
T100,e198,Portsmouth,Portsmouth,E2,portsmouth
T101,e201,Fleetwood Town,Fleetwood,E2,fleetwood
T102,e186,Peterborough United,Peterborough Utd,E2,peterborough-utd
T103,e200,Sunderland,Sunderland,E2,sunderland
T104,e187,Wycombe Wanderers,Wycombe,E2,wycombe
T105,e191,Doncaster Rovers,Doncaster,E2,doncaster
T106,e184,Ipswich Town,Ipswich,E2,ipswich
T107,e183,Gillingham,Gillingham,E2,gillingham
T108,e195,Burton Albion,Burton,E2,burton
T109,e188,Blackpool,Blackpool,E2,blackpool
T110,e189,Bristol Rovers,Bristol Rovers,E2,bristol-rovers
T111,e192,Lincoln City,Lincoln,E2,lincoln
T112,e190,Shrewsbury Town,Shrewsbury,E2,shrewsbury
T113,e196,Accrington Stanley,Accrington,E2,accrington
T114,e181,Milton Keynes Dons,MK Dons,E2,mk-dons
T115,e194,Rochdale,Rochdale,E2,rochdale
T116,e197,AFC Wimbledon,Wimbledon,E2,wimbledon
T117,e185,Tranmere Rovers,Tranmere,E2,tranmere
T118,e193,Southend United,Southend Utd,E2,southend-utd
T119,e182,Bolton Wanderers,Bolton,E2,bolton
T120,e203,Crewe Alexandra,Crewe,E3,crewe
T121,e206,Swindon Town,Swindon,E3,swindon
T122,e214,Plymouth Argyle,Plymouth,E3,plymouth
T123,e220,Exeter City,Exeter,E3,exeter
T124,e212,Cheltenham Town,Cheltenham,E3,cheltenham
T125,e211,Colchester United,Colchester,E3,colchester
T126,e208,Northampton Town,Northampton,E3,northampton
T127,e207,Port Vale,Port Vale,E3,port-vale
T128,e204,Bradford City,Bradford,E3,bradford
T129,e225,Salford City,Salford,E3,salford
T130,e222,Forest Green Rovers,Forest Green,E3,forest-green
T131,e224,Crawley Town,Crawley,E3,crawley
T132,e202,Grimsby Town,Grimsby,E3,grimsby
T133,e205,Walsall,Walsall,E3,walsall
T134,e216,Newport County,Newport,E3,newport
T135,e209,Cambridge United,Cambridge,E3,cambridge
T136,e218,Leyton Orient,Leyton Orient,E3,leyton-orient
T137,e215,Carlisle United,Carlisle,E3,carlisle
T138,e210,Oldham Athletic,Oldham,E3,oldham
T139,e219,Scunthorpe United,Scunthorpe,E3,scunthorpe
T140,e213,Mansfield Town,Mansfield,E3,mansfield
T141,e217,Morecambe,Morecambe,E3,morecambe
T142,e221,Macclesfield Town,Macclesfield,E3,macclesfield
T143,e223,Stevenage,Stevenage,E3,stevenage
T144,e059,Paris Saint-Germain,PSG,F1,psg
T145,e060,Olympique de Marseille,Marseille,F1,marseille
T146,e061,Stade Rennais,Rennes,F1,rennes
T147,e062,Lille OSC,Lille,F1,lille
T148,e063,OGC Nice,Nice,F1,nice
T149,e064,Stade de Reims,Reims,F1,reims
T150,e065,Olympique Lyonnais,Lyon,F1,lyon
T151,e066,Montpellier,Montpellier,F1,montpellier
T152,e067,AS Monaco,AS Monaco,F1,as-monaco
T153,e069,Angers,Angers,F1,angers
T154,e068,Strasbourg,Strasbourg,F1,strasbourg
T155,e070,FC Girondins de Bordeaux,Bordeaux,F1,bordeaux
T156,e071,FC Nantes,Nantes,F1,nantes
T157,e072,Stade Brestois 29,Brest,F1,brest
T158,e073,FC Metz,Metz,F1,metz
T159,e074,Dijon Football Côte d'Or,Dijon,F1,dijon
T160,e075,AS Saint-Étienne,Saint-Étienne,F1,saint-etienne
T161,e076,Nîmes Olympique,Nîmes,F1,nimes
T162,e077,Amiens SC,Amiens,F1,amiens
T163,e078,FC Toulouse,Toulouse,F1,toulouse
T164,e248,FC Lorient,Lorient,F2,lorient
T165,e245,RC Lens,Lens,F2,lens
T166,e250,AC Ajaccio,AC Ajaccio,F2,ac-ajaccio
T167,e246,ES Troyes AC,Troyes,F2,troyes
T168,e258,Clermont Foot 63,Clermont,F2,clermont
T169,e251,Le Havre,Le Havre,F2,le-havre
T170,e259,Valenciennes FC,Valenciennes,F2,valenciennes
T171,e247,EA Guingamp,Guingamp,F2,guingamp
T172,e255,Grenoble,Grenoble,F2,grenoble
T173,e263,FC Chambly Oise,Chambly,F2,chambly
T174,e244,AJ Auxerre,Auxerre,F2,auxerre
T175,e257,Nancy,Nancy,F2,nancy
T176,e254,Caen,Caen,F2,caen
T177,e249,FC Sochaux,Sochaux,F2,sochaux
T178,e253,Châteauroux,Châteauroux,F2,chateauroux
T179,e262,Rodez AF,Rodez,F2,rodez
T180,e260,Paris FC,Paris FC,F2,paris-fc
T181,e252,Chamois Niortais,Chamois,F2,chamois
T182,e256,Le Mans FC,Le Mans,F2,le-mans
T183,e261,US Orléans,Orléans,F2,orleans
T184,e099,Juventus,Juventus,I1,juventus
T185,e108,Lazio,Lazio,I1,lazio
T186,e107,Inter,Inter,I1,inter
T187,e098,Atalanta,Atalanta,I1,atalanta
T188,e110,Roma,Roma,I1,roma
T189,e113,Napoli,Napoli,I1,napoli
T190,e103,AC Milan,Milan,I1,milan
T191,e109,Hellas Verona,Verona,I1,verona
T192,e101,Parma Calcio,Parma,I1,parma
T193,e097,Bologna FC,Bologna,I1,bologna
T194,e115,US Sassuolo,Sassuolo,I1,sassuolo
T195,e114,Cagliari,Cagliari,I1,cagliari
T196,e104,AC Fiorentina,Fiorentina,I1,fiorentina
T197,e105,Udinese,Udinese,I1,udinese
T198,e106,Torino FC,Torino,I1,torino
T199,e111,Sampdoria,Sampdoria,I1,sampdoria
T200,e112,Genoa,Genoa,I1,genoa
T201,e100,US Lecce,Lecce,I1,lecce
T202,e116,Sociedad Polideportiva Ars et Labor,SPAL,I1,spal
T203,e102,Brescia FC,Brescia,I1,brescia
T204,e276,Benevento,Benevento,I2,benevento
T205,e272,FC Crotone,Crotone,I2,crotone
T206,e278,Frosinone,Frosinone,I2,frosinone
T207,e283,Pordenone,Pordenone,I2,pordenone
T208,e274,Spezia,Spezia,I2,spezia
T209,e271,AS Cittadella,Cittadella,I2,cittadella
T210,e269,Salernitana,Salernitana,I2,salernitana
T211,e265,ChievoVerona,Chievo,I2,chievo
T212,e267,Empoli FC,Empoli,I2,empoli
T213,e281,Virtus Entella,Entella,I2,entella
T214,e275,Pisa,Pisa,I2,pisa
T215,e266,AC Perugia,Perugia,I2,perugia
T216,e279,Juve Stabia,Juve Stabia,I2,juve-stabia
T217,e280,Pescara,Pescara,I2,pescara
T218,e268,Ascoli,Ascoli,I2,ascoli
T219,e264,Venezia,Venezia,I2,venezia
T220,e277,US Cremonese,Cremonese,I2,cremonese
T221,e282,Trapani,Trapani,I2,trapani
T222,e270,Cosenza,Cosenza,I2,cosenza
T223,e273,AS Livorno,Livorno,I2,livorno
T224,e028,FC Barcelona,Barcelona,SP1,barcelona
T225,e029,Real Madrid CF,Real Madrid,SP1,real-madrid
T226,e030,Sevilla FC,Sevilla,SP1,sevilla
T227,e021,Real Sociedad SAD,Real Sociedad,SP1,real-sociedad
T228,e022,Getafe CF,Getafe,SP1,getafe
T229,e023,Atlético Madrid,Atl Madrid,SP1,atl-madrid
T230,e024,Valencia CF,Valencia,SP1,valencia
T231,e025,Villarreal CF,Villarreal,SP1,villarreal
T232,e026,Granada CF,Granada,SP1,granada
T233,e027,Athletic Club Bilbao,Athletic Bilbao,SP1,athletic-bilbao
T234,e031,CA Osasuna,Osasuna,SP1,osasuna
T235,e032,Real Betis,Betis,SP1,betis
T236,e033,Levante UD,Levante,SP1,levante
T237,e034,Deportivo Alavés,Alavés,SP1,alaves
T238,e035,Real Valladolid,Valladolid,SP1,valladolid
T239,e036,SD Eibar,Eibar,SP1,eibar
T240,e037,Celta Vigo,Celta,SP1,celta
T241,e038,RCD Mallorca,Mallorca,SP1,mallorca
T242,e039,CD Leganés,Leganés,SP1,leganes
T243,e040,RCD Espanyol,Espanyol,SP1,espanyol
T244,e129,Cádiz CF,Cádiz,SP2,cadiz
T245,e117,Real Zaragoza,Zaragoza,SP2,zaragoza
T246,e128,UD Almería,Almería,SP2,almeria
T247,e133,SD Huesca,Huesca,SP2,huesca
T248,e132,Girona FC,Girona,SP2,girona
T249,e123,Elche CF,Elche,SP2,elche
T250,e136,CD Mirandés,Mirandés,SP2,mirandes
T251,e126,Sporting Gijón,Sporting,SP2,sporting
T252,e134,AD Alcorcón,Alcorcón,SP2,alcorcon
T253,e130,SD Ponferradina,Ponferradina,SP2,ponferradina
T254,e118,Rayo Vallecano,Rayo Vallecano,SP2,rayo-vallecano
T255,e119,CD Tenerife,Tenerife,SP2,tenerife
T256,e137,CF Fuenlabrada,Fuenlabrada,SP2,fuenlabrada
T257,e131,UD Las Palmas,Las Palmas,SP2,las-palmas
T258,e120,Málaga CF,Málaga,SP2,malaga
T259,e127,CD Numancia,Numancia,SP2,numancia
T260,e125,Real Oviedo,Real Oviedo,SP2,real-oviedo
T261,e124,Albacete Balompié,Albacete,SP2,albacete
T262,e121,Deportivo La Coruña,Deportivo,SP2,deportivo
T263,e135,CD Lugo,Lugo,SP2,lugo
T264,e138,Extremadura UD,Extremadura,SP2,extremadura
T265,e122,Racing de Santander,Racing,SP2,racing
